rcp26,rcp60
0.0,0.0
2224.215691009769,-47329.733362783445
15937.14687378495,-533749.7612783303
11884.451217115857,-10293.417594946339
-25338.47206286271,-128788.38732165698
-197978.65685655712,-237843.85419505555
186018.6652796222,207763.03776057903
-183325.56026916765,-765609.5236357264
-4724.445235120715,-18186.06778891571
-8600.976262686774,-24333.17177694087
214191.13604868622,161000.1979393717
