rcp26,rcp60
0.0,0.0
0.26011571488925794,-5.535078040740387
1.0300092680222555,-34.495961245463576
1.884356240815536,-1.6320876185198188
-4.072191772269494,-20.69781516083478
-9.055774703504776,-10.879255331872537
7.265463747242816,8.114749219372493
-3.8720882308069937,-16.17072721071196
-2.684122921582276,-10.332142500627487
-1.65835787182352,-4.691689144380722
6.246855942105235,4.695549319786392
